model,condition,gold_frame,total,correct,accuracy
flan_t5_base,guided,Abandonment,10,10,1.0
flan_t5_base,guided,Abounding_with,10,0,0.0
flan_t5_base,guided,Absorb_heat,10,0,0.0
flan_t5_base,guided,Abundance,10,8,0.8
flan_t5_base,guided,Abusing,10,7,0.7
flan_t5_base,guided,Accompaniment,10,0,0.0
flan_t5_base,guided,Accomplishment,10,1,0.1
flan_t5_base,guided,Accoutrements,10,0,0.0
flan_t5_base,guided,Accuracy,10,10,1.0
flan_t5_base,guided,Achieving_first,10,0,0.0
flan_t5_base,guided,Active_substance,10,0,0.0
flan_t5_base,guided,Activity_done_state,7,0,0.0
flan_t5_base,guided,Activity_finish,10,0,0.0
flan_t5_base,guided,Activity_ongoing,10,0,0.0
flan_t5_base,guided,Activity_pause,10,0,0.0
flan_t5_base,guided,Activity_prepare,10,0,0.0
flan_t5_base,guided,Activity_ready_state,10,0,0.0
flan_t5_base,guided,Activity_resume,10,0,0.0
flan_t5_base,guided,Activity_start,10,0,0.0
flan_t5_base,guided,Activity_stop,10,0,0.0
flan_t5_base,zero_shot,Abandonment,10,10,1.0
flan_t5_base,zero_shot,Abounding_with,10,0,0.0
flan_t5_base,zero_shot,Absorb_heat,10,0,0.0
flan_t5_base,zero_shot,Abundance,10,8,0.8
flan_t5_base,zero_shot,Abusing,10,7,0.7
flan_t5_base,zero_shot,Accompaniment,10,0,0.0
flan_t5_base,zero_shot,Accomplishment,10,1,0.1
flan_t5_base,zero_shot,Accoutrements,10,0,0.0
flan_t5_base,zero_shot,Accuracy,10,10,1.0
flan_t5_base,zero_shot,Achieving_first,10,0,0.0
flan_t5_base,zero_shot,Active_substance,10,0,0.0
flan_t5_base,zero_shot,Activity_done_state,7,0,0.0
flan_t5_base,zero_shot,Activity_finish,10,0,0.0
flan_t5_base,zero_shot,Activity_ongoing,10,0,0.0
flan_t5_base,zero_shot,Activity_pause,10,0,0.0
flan_t5_base,zero_shot,Activity_prepare,10,0,0.0
flan_t5_base,zero_shot,Activity_ready_state,10,0,0.0
flan_t5_base,zero_shot,Activity_resume,10,0,0.0
flan_t5_base,zero_shot,Activity_start,10,0,0.0
flan_t5_base,zero_shot,Activity_stop,10,0,0.0
flan_t5_large,guided,Abandonment,10,10,1.0
flan_t5_large,guided,Abounding_with,10,4,0.4
flan_t5_large,guided,Absorb_heat,10,0,0.0
flan_t5_large,guided,Abundance,10,10,1.0
flan_t5_large,guided,Abusing,10,10,1.0
flan_t5_large,guided,Accompaniment,10,10,1.0
flan_t5_large,guided,Accomplishment,10,8,0.8
flan_t5_large,guided,Accoutrements,10,0,0.0
flan_t5_large,guided,Accuracy,10,10,1.0
flan_t5_large,guided,Achieving_first,10,0,0.0
flan_t5_large,guided,Active_substance,10,9,0.9
flan_t5_large,guided,Activity_done_state,7,3,0.42857142857142855
flan_t5_large,guided,Activity_finish,10,4,0.4
flan_t5_large,guided,Activity_ongoing,10,0,0.0
flan_t5_large,guided,Activity_pause,10,9,0.9
flan_t5_large,guided,Activity_prepare,10,5,0.5
flan_t5_large,guided,Activity_ready_state,10,6,0.6
flan_t5_large,guided,Activity_resume,10,0,0.0
flan_t5_large,guided,Activity_start,10,3,0.3
flan_t5_large,guided,Activity_stop,10,5,0.5
flan_t5_large,zero_shot,Abandonment,10,10,1.0
flan_t5_large,zero_shot,Abounding_with,10,4,0.4
flan_t5_large,zero_shot,Absorb_heat,10,0,0.0
flan_t5_large,zero_shot,Abundance,10,10,1.0
flan_t5_large,zero_shot,Abusing,10,10,1.0
flan_t5_large,zero_shot,Accompaniment,10,10,1.0
flan_t5_large,zero_shot,Accomplishment,10,8,0.8
flan_t5_large,zero_shot,Accoutrements,10,0,0.0
flan_t5_large,zero_shot,Accuracy,10,10,1.0
flan_t5_large,zero_shot,Achieving_first,10,0,0.0
flan_t5_large,zero_shot,Active_substance,10,9,0.9
flan_t5_large,zero_shot,Activity_done_state,7,3,0.42857142857142855
flan_t5_large,zero_shot,Activity_finish,10,4,0.4
flan_t5_large,zero_shot,Activity_ongoing,10,0,0.0
flan_t5_large,zero_shot,Activity_pause,10,9,0.9
flan_t5_large,zero_shot,Activity_prepare,10,5,0.5
flan_t5_large,zero_shot,Activity_ready_state,10,6,0.6
flan_t5_large,zero_shot,Activity_resume,10,0,0.0
flan_t5_large,zero_shot,Activity_start,10,3,0.3
flan_t5_large,zero_shot,Activity_stop,10,5,0.5
flan_t5_small,guided,Abandonment,10,4,0.4
flan_t5_small,guided,Abounding_with,10,0,0.0
flan_t5_small,guided,Absorb_heat,10,0,0.0
flan_t5_small,guided,Abundance,10,0,0.0
flan_t5_small,guided,Abusing,10,0,0.0
flan_t5_small,guided,Accompaniment,10,0,0.0
flan_t5_small,guided,Accomplishment,10,0,0.0
flan_t5_small,guided,Accoutrements,10,0,0.0
flan_t5_small,guided,Accuracy,10,0,0.0
flan_t5_small,guided,Achieving_first,10,0,0.0
flan_t5_small,guided,Active_substance,10,0,0.0
flan_t5_small,guided,Activity_done_state,7,0,0.0
flan_t5_small,guided,Activity_finish,10,0,0.0
flan_t5_small,guided,Activity_ongoing,10,0,0.0
flan_t5_small,guided,Activity_pause,10,0,0.0
flan_t5_small,guided,Activity_prepare,10,0,0.0
flan_t5_small,guided,Activity_ready_state,10,0,0.0
flan_t5_small,guided,Activity_resume,10,0,0.0
flan_t5_small,guided,Activity_start,10,0,0.0
flan_t5_small,guided,Activity_stop,10,0,0.0
flan_t5_small,zero_shot,Abandonment,10,4,0.4
flan_t5_small,zero_shot,Abounding_with,10,0,0.0
flan_t5_small,zero_shot,Absorb_heat,10,0,0.0
flan_t5_small,zero_shot,Abundance,10,0,0.0
flan_t5_small,zero_shot,Abusing,10,0,0.0
flan_t5_small,zero_shot,Accompaniment,10,0,0.0
flan_t5_small,zero_shot,Accomplishment,10,0,0.0
flan_t5_small,zero_shot,Accoutrements,10,0,0.0
flan_t5_small,zero_shot,Accuracy,10,0,0.0
flan_t5_small,zero_shot,Achieving_first,10,0,0.0
flan_t5_small,zero_shot,Active_substance,10,0,0.0
flan_t5_small,zero_shot,Activity_done_state,7,0,0.0
flan_t5_small,zero_shot,Activity_finish,10,0,0.0
flan_t5_small,zero_shot,Activity_ongoing,10,0,0.0
flan_t5_small,zero_shot,Activity_pause,10,0,0.0
flan_t5_small,zero_shot,Activity_prepare,10,0,0.0
flan_t5_small,zero_shot,Activity_ready_state,10,0,0.0
flan_t5_small,zero_shot,Activity_resume,10,0,0.0
flan_t5_small,zero_shot,Activity_start,10,0,0.0
flan_t5_small,zero_shot,Activity_stop,10,0,0.0
