sentence,lexical_unit,gold_frame,frame_definition
"The bank has abandoned all plans to finance roads or logging in Cameroon 's forests , in keeping with its ` stringent policy to protect the rights of indigenous people . """,abandon,Abandonment,An Agent leaves behind a Theme effectively rendering it no longer within their control or of the normal security as one's property. 'Carolyn abandoned her car and jumped on a red double decker bus.' 'Perhaps he left the key in the ignition' 'Abandonment of a child is considered to be a serious crime in many jurisdictions.' There are also metaphorically used examples: 'She left her old ways behind .'
"Jamie Hill , prosecuting , said Stevenson and a friend took a Nova car from North Skelton and abandoned it in Nottingham .",abandon,Abandonment,An Agent leaves behind a Theme effectively rendering it no longer within their control or of the normal security as one's property. 'Carolyn abandoned her car and jumped on a red double decker bus.' 'Perhaps he left the key in the ignition' 'Abandonment of a child is considered to be a serious crime in many jurisdictions.' There are also metaphorically used examples: 'She left her old ways behind .'
"She had seen no reason to abandon it when she came to Medewich two years ago , even though she might now have been able to afford a car .",abandon,Abandonment,An Agent leaves behind a Theme effectively rendering it no longer within their control or of the normal security as one's property. 'Carolyn abandoned her car and jumped on a red double decker bus.' 'Perhaps he left the key in the ignition' 'Abandonment of a child is considered to be a serious crime in many jurisdictions.' There are also metaphorically used examples: 'She left her old ways behind .'
"Unfortunately , as a result of other priorities following the fall of France in June 1940 , the project was abandoned .",abandon,Abandonment,An Agent leaves behind a Theme effectively rendering it no longer within their control or of the normal security as one's property. 'Carolyn abandoned her car and jumped on a red double decker bus.' 'Perhaps he left the key in the ignition' 'Abandonment of a child is considered to be a serious crime in many jurisdictions.' There are also metaphorically used examples: 'She left her old ways behind .'
"Leeds Education Authority has abandoned plans for ` drastic "" cuts in travel subsidies for some Catholic students .",abandon,Abandonment,An Agent leaves behind a Theme effectively rendering it no longer within their control or of the normal security as one's property. 'Carolyn abandoned her car and jumped on a red double decker bus.' 'Perhaps he left the key in the ignition' 'Abandonment of a child is considered to be a serious crime in many jurisdictions.' There are also metaphorically used examples: 'She left her old ways behind .'
"Moved to rectify this situation , he abandoned plans of working in the missionary field , and offered his services to the Netherlands Indies civil service .",abandon,Abandonment,An Agent leaves behind a Theme effectively rendering it no longer within their control or of the normal security as one's property. 'Carolyn abandoned her car and jumped on a red double decker bus.' 'Perhaps he left the key in the ignition' 'Abandonment of a child is considered to be a serious crime in many jurisdictions.' There are also metaphorically used examples: 'She left her old ways behind .'
"The council later abandoned its plans to widen the highway and the reversion passed to the first defendants , who were not a highway authority .",abandon,Abandonment,An Agent leaves behind a Theme effectively rendering it no longer within their control or of the normal security as one's property. 'Carolyn abandoned her car and jumped on a red double decker bus.' 'Perhaps he left the key in the ignition' 'Abandonment of a child is considered to be a serious crime in many jurisdictions.' There are also metaphorically used examples: 'She left her old ways behind .'
It was Osman 's father Mohamed who had returned in his car for the clothes for Mrs Zamzam 's children just before Um Al-Farajh was finally abandoned by the Palestinian Arabs in 1948 .,abandon,Abandonment,An Agent leaves behind a Theme effectively rendering it no longer within their control or of the normal security as one's property. 'Carolyn abandoned her car and jumped on a red double decker bus.' 'Perhaps he left the key in the ignition' 'Abandonment of a child is considered to be a serious crime in many jurisdictions.' There are also metaphorically used examples: 'She left her old ways behind .'
"Lola is waiting loyally , if not faithfully , for the lover , Michel ( Jacques Harden ) , who fathered her child and abandoned her seven years before .",abandon,Abandonment,An Agent leaves behind a Theme effectively rendering it no longer within their control or of the normal security as one's property. 'Carolyn abandoned her car and jumped on a red double decker bus.' 'Perhaps he left the key in the ignition' 'Abandonment of a child is considered to be a serious crime in many jurisdictions.' There are also metaphorically used examples: 'She left her old ways behind .'
"A pistol was found in a garden at Ava Parade , off Ormeau Road , by police searching the area yesterday after a car was abandoned by two men .",abandon,Abandonment,An Agent leaves behind a Theme effectively rendering it no longer within their control or of the normal security as one's property. 'Carolyn abandoned her car and jumped on a red double decker bus.' 'Perhaps he left the key in the ignition' 'Abandonment of a child is considered to be a serious crime in many jurisdictions.' There are also metaphorically used examples: 'She left her old ways behind .'
"This is a modern version of the Elizabethan ` City "" comedy , a panorama of town life , teeming with villains , mugs , lechers and madmen .",teem,Abounding_with,"A Location is filled or covered with the Theme. The Location is realized as the External Argument, and the Theme either as PP complement headed by with, in or of. NB: This frame does not include uses of adjectives like paved when they merely specify the Type of some location, as in ""paved and unpaved roads"". 'The waters of the bay teemed with fish.' 'The waters of the bay were teeming with fish.' 'The road was completely covered in mud.'"
"Morton drifted into the grand salon , which was teeming with people .",teem,Abounding_with,"A Location is filled or covered with the Theme. The Location is realized as the External Argument, and the Theme either as PP complement headed by with, in or of. NB: This frame does not include uses of adjectives like paved when they merely specify the Type of some location, as in ""paved and unpaved roads"". 'The waters of the bay teemed with fish.' 'The waters of the bay were teeming with fish.' 'The road was completely covered in mud.'"
Rare blue lizards scurry among the rocks of Petra ; clumps of black lilies grow beside the King 's Highway ; the few oases teem with birds .,teem,Abounding_with,"A Location is filled or covered with the Theme. The Location is realized as the External Argument, and the Theme either as PP complement headed by with, in or of. NB: This frame does not include uses of adjectives like paved when they merely specify the Type of some location, as in ""paved and unpaved roads"". 'The waters of the bay teemed with fish.' 'The waters of the bay were teeming with fish.' 'The road was completely covered in mud.'"
"If the Universe is teeming with technological civilizations , why have they not come to visit us ?",teem,Abounding_with,"A Location is filled or covered with the Theme. The Location is realized as the External Argument, and the Theme either as PP complement headed by with, in or of. NB: This frame does not include uses of adjectives like paved when they merely specify the Type of some location, as in ""paved and unpaved roads"". 'The waters of the bay teemed with fish.' 'The waters of the bay were teeming with fish.' 'The road was completely covered in mud.'"
"Until the 1940s , its beaches teemed with wildlife .",teem,Abounding_with,"A Location is filled or covered with the Theme. The Location is realized as the External Argument, and the Theme either as PP complement headed by with, in or of. NB: This frame does not include uses of adjectives like paved when they merely specify the Type of some location, as in ""paved and unpaved roads"". 'The waters of the bay teemed with fish.' 'The waters of the bay were teeming with fish.' 'The road was completely covered in mud.'"
"The quake knocked The Well out for six hours , but when it came back up , it teemed with emotional first-hand reports .",teem,Abounding_with,"A Location is filled or covered with the Theme. The Location is realized as the External Argument, and the Theme either as PP complement headed by with, in or of. NB: This frame does not include uses of adjectives like paved when they merely specify the Type of some location, as in ""paved and unpaved roads"". 'The waters of the bay teemed with fish.' 'The waters of the bay were teeming with fish.' 'The road was completely covered in mud.'"
` East Germany is crawling with spies and traitors .,crawling,Abounding_with,"A Location is filled or covered with the Theme. The Location is realized as the External Argument, and the Theme either as PP complement headed by with, in or of. NB: This frame does not include uses of adjectives like paved when they merely specify the Type of some location, as in ""paved and unpaved roads"". 'The waters of the bay teemed with fish.' 'The waters of the bay were teeming with fish.' 'The road was completely covered in mud.'"
It 's crawling with cops .,crawling,Abounding_with,"A Location is filled or covered with the Theme. The Location is realized as the External Argument, and the Theme either as PP complement headed by with, in or of. NB: This frame does not include uses of adjectives like paved when they merely specify the Type of some location, as in ""paved and unpaved roads"". 'The waters of the bay teemed with fish.' 'The waters of the bay were teeming with fish.' 'The road was completely covered in mud.'"
"Agnes waited for George , but when he stayed quiet , she said : ` Harry , Neptune Court and its purlieus will be absolutely crawling with cops .",crawling,Abounding_with,"A Location is filled or covered with the Theme. The Location is realized as the External Argument, and the Theme either as PP complement headed by with, in or of. NB: This frame does not include uses of adjectives like paved when they merely specify the Type of some location, as in ""paved and unpaved roads"". 'The waters of the bay teemed with fish.' 'The waters of the bay were teeming with fish.' 'The road was completely covered in mud.'"
"And when they died and the fleas had finished feasting on their blood , which was by then putrid and crawling with the bacilli , the fleas looked round for another host , and if they could not find another rat , or any small hairy creature to their liking , they settled for the next best thing , which was usually human .",crawling,Abounding_with,"A Location is filled or covered with the Theme. The Location is realized as the External Argument, and the Theme either as PP complement headed by with, in or of. NB: This frame does not include uses of adjectives like paved when they merely specify the Type of some location, as in ""paved and unpaved roads"". 'The waters of the bay teemed with fish.' 'The waters of the bay were teeming with fish.' 'The road was completely covered in mud.'"
The wild pigs on the spit sizzled gently .,sizzle,Absorb_heat,"An Entity (generally food) is exposed to a Heat_source whose Temperature may also be specified. Generally, the Entity undergoes some sort of change as a result of this process. 'Bacon was frying in the pan, and a great heap of eggs already lay steaming on a plate.' 'If it cooks at 400 for an hour, it 'll be nothing but a pile of ash!'"
Uncover the pan and continue cooking until all the moisture has evaporated ; the pan should also be sizzling again and the dumplings golden brown and crisp underneath .,sizzle,Absorb_heat,"An Entity (generally food) is exposed to a Heat_source whose Temperature may also be specified. Generally, the Entity undergoes some sort of change as a result of this process. 'Bacon was frying in the pan, and a great heap of eggs already lay steaming on a plate.' 'If it cooks at 400 for an hour, it 'll be nothing but a pile of ash!'"
"You 're going to a friend 's for a barbecue on a hot summer 's evening , and you 're walking up the drive and you can smell the barbecue sizzling away .",sizzle,Absorb_heat,"An Entity (generally food) is exposed to a Heat_source whose Temperature may also be specified. Generally, the Entity undergoes some sort of change as a result of this process. 'Bacon was frying in the pan, and a great heap of eggs already lay steaming on a plate.' 'If it cooks at 400 for an hour, it 'll be nothing but a pile of ash!'"
"Breakfast of sausage , egg and chips was sizzling over camp-fires .",sizzle,Absorb_heat,"An Entity (generally food) is exposed to a Heat_source whose Temperature may also be specified. Generally, the Entity undergoes some sort of change as a result of this process. 'Bacon was frying in the pan, and a great heap of eggs already lay steaming on a plate.' 'If it cooks at 400 for an hour, it 'll be nothing but a pile of ash!'"
"Inside was a lighted wick ; as the metal dish warmed up , the nicotine began to sizzle and give off fumes lethal to red spider mite and aphids .",sizzle,Absorb_heat,"An Entity (generally food) is exposed to a Heat_source whose Temperature may also be specified. Generally, the Entity undergoes some sort of change as a result of this process. 'Bacon was frying in the pan, and a great heap of eggs already lay steaming on a plate.' 'If it cooks at 400 for an hour, it 'll be nothing but a pile of ash!'"
"The torsos sizzle in their own fat , swell and explode . """,sizzle,Absorb_heat,"An Entity (generally food) is exposed to a Heat_source whose Temperature may also be specified. Generally, the Entity undergoes some sort of change as a result of this process. 'Bacon was frying in the pan, and a great heap of eggs already lay steaming on a plate.' 'If it cooks at 400 for an hour, it 'll be nothing but a pile of ash!'"
She did this now and the spit sizzled on the iron .,sizzle,Absorb_heat,"An Entity (generally food) is exposed to a Heat_source whose Temperature may also be specified. Generally, the Entity undergoes some sort of change as a result of this process. 'Bacon was frying in the pan, and a great heap of eggs already lay steaming on a plate.' 'If it cooks at 400 for an hour, it 'll be nothing but a pile of ash!'"
The omelette sizzled in the cast-iron pan .,sizzle,Absorb_heat,"An Entity (generally food) is exposed to a Heat_source whose Temperature may also be specified. Generally, the Entity undergoes some sort of change as a result of this process. 'Bacon was frying in the pan, and a great heap of eggs already lay steaming on a plate.' 'If it cooks at 400 for an hour, it 'll be nothing but a pile of ash!'"
A fire was burning in a black grate which had an oven to the side of it ; a large black kettle was sizzling on the hob .,sizzle,Absorb_heat,"An Entity (generally food) is exposed to a Heat_source whose Temperature may also be specified. Generally, the Entity undergoes some sort of change as a result of this process. 'Bacon was frying in the pan, and a great heap of eggs already lay steaming on a plate.' 'If it cooks at 400 for an hour, it 'll be nothing but a pile of ash!'"
Droplets of coffee sizzled on the hotplate .,sizzle,Absorb_heat,"An Entity (generally food) is exposed to a Heat_source whose Temperature may also be specified. Generally, the Entity undergoes some sort of change as a result of this process. 'Bacon was frying in the pan, and a great heap of eggs already lay steaming on a plate.' 'If it cooks at 400 for an hour, it 'll be nothing but a pile of ash!'"
"Similarly , Thatcher provides abundant evidence which shows that while most of the workers made redundant in the industrial sector were men , most of the expansion in the public services was in female employment .",abundant,Abundance,The Quantity of a Collection occurring in a Place has a particular Measure. The Measure of the Collection is referred to only in terms of how the Measure diverges from a norm for Collections of the specified type. Degree may further refine the relation of the Measure to the norm. 'Beauty is abundant in a land flowing with snowmelt.' 'Detritus of life abounds in the atmosphere. ' 'There was a recent discovery that exotic microbes teem in the rocks hundreds of metres beneath the floor of the Pacific Ocean.'
"As far as actual examples of volcanic rocks are concerned , it was mentioned that the most abundant are basalts , which form at mid-ocean ridges , and andesites , which are formed at destructive plate margins .",abundant,Abundance,The Quantity of a Collection occurring in a Place has a particular Measure. The Measure of the Collection is referred to only in terms of how the Measure diverges from a norm for Collections of the specified type. Degree may further refine the relation of the Measure to the norm. 'Beauty is abundant in a land flowing with snowmelt.' 'Detritus of life abounds in the atmosphere. ' 'There was a recent discovery that exotic microbes teem in the rocks hundreds of metres beneath the floor of the Pacific Ocean.'
"Strangely enough , water birds are most abundant in the Dry Zone .",abundant,Abundance,The Quantity of a Collection occurring in a Place has a particular Measure. The Measure of the Collection is referred to only in terms of how the Measure diverges from a norm for Collections of the specified type. Degree may further refine the relation of the Measure to the norm. 'Beauty is abundant in a land flowing with snowmelt.' 'Detritus of life abounds in the atmosphere. ' 'There was a recent discovery that exotic microbes teem in the rocks hundreds of metres beneath the floor of the Pacific Ocean.'
One thing becomes clear about large animal size : such creatures must have an abundant supply of food .,abundant,Abundance,The Quantity of a Collection occurring in a Place has a particular Measure. The Measure of the Collection is referred to only in terms of how the Measure diverges from a norm for Collections of the specified type. Degree may further refine the relation of the Measure to the norm. 'Beauty is abundant in a land flowing with snowmelt.' 'Detritus of life abounds in the atmosphere. ' 'There was a recent discovery that exotic microbes teem in the rocks hundreds of metres beneath the floor of the Pacific Ocean.'
"There is abundant evidence from government and private research which shows quite clearly that manual workers , and particularly the unskilled , are more likely to suffer from both short-term and long-term unemployment than the non-manual groups .",abundant,Abundance,The Quantity of a Collection occurring in a Place has a particular Measure. The Measure of the Collection is referred to only in terms of how the Measure diverges from a norm for Collections of the specified type. Degree may further refine the relation of the Measure to the norm. 'Beauty is abundant in a land flowing with snowmelt.' 'Detritus of life abounds in the atmosphere. ' 'There was a recent discovery that exotic microbes teem in the rocks hundreds of metres beneath the floor of the Pacific Ocean.'
"In the Mediterranean coral was so abundant and so easily harvested that it never became valuable , at least in the home territory .",abundant,Abundance,The Quantity of a Collection occurring in a Place has a particular Measure. The Measure of the Collection is referred to only in terms of how the Measure diverges from a norm for Collections of the specified type. Degree may further refine the relation of the Measure to the norm. 'Beauty is abundant in a land flowing with snowmelt.' 'Detritus of life abounds in the atmosphere. ' 'There was a recent discovery that exotic microbes teem in the rocks hundreds of metres beneath the floor of the Pacific Ocean.'
"They would n't have to pull in their belts , they would n't have to eke it out and ration themselves because there was n't enough , it was an abundant harvest !",abundant,Abundance,The Quantity of a Collection occurring in a Place has a particular Measure. The Measure of the Collection is referred to only in terms of how the Measure diverges from a norm for Collections of the specified type. Degree may further refine the relation of the Measure to the norm. 'Beauty is abundant in a land flowing with snowmelt.' 'Detritus of life abounds in the atmosphere. ' 'There was a recent discovery that exotic microbes teem in the rocks hundreds of metres beneath the floor of the Pacific Ocean.'
"Nevertheless , echo sounding shows that fish are abundant over the entire surface to a depth of at least 30 m .",abundant,Abundance,The Quantity of a Collection occurring in a Place has a particular Measure. The Measure of the Collection is referred to only in terms of how the Measure diverges from a norm for Collections of the specified type. Degree may further refine the relation of the Measure to the norm. 'Beauty is abundant in a land flowing with snowmelt.' 'Detritus of life abounds in the atmosphere. ' 'There was a recent discovery that exotic microbes teem in the rocks hundreds of metres beneath the floor of the Pacific Ocean.'
"Until 15 years ago , the frogs were abundant in Northern Australia .",abundant,Abundance,The Quantity of a Collection occurring in a Place has a particular Measure. The Measure of the Collection is referred to only in terms of how the Measure diverges from a norm for Collections of the specified type. Degree may further refine the relation of the Measure to the norm. 'Beauty is abundant in a land flowing with snowmelt.' 'Detritus of life abounds in the atmosphere. ' 'There was a recent discovery that exotic microbes teem in the rocks hundreds of metres beneath the floor of the Pacific Ocean.'
"Though several tigers are sometimes found together because , perhaps , prey is particularly abundant in that area , tigers are essentially solitary .",abundant,Abundance,The Quantity of a Collection occurring in a Place has a particular Measure. The Measure of the Collection is referred to only in terms of how the Measure diverges from a norm for Collections of the specified type. Degree may further refine the relation of the Measure to the norm. 'Beauty is abundant in a land flowing with snowmelt.' 'Detritus of life abounds in the atmosphere. ' 'There was a recent discovery that exotic microbes teem in the rocks hundreds of metres beneath the floor of the Pacific Ocean.'
"Today , we serve children and families with a multitude of problems : emotional , physical , psychological and sexual abuse .",abuse,Abusing,"In this frame an Abuser repeatedly treats the Victim in a cruel and violent way, including physically harming or forcing the Victim to engage in sexual activity against their will. The Victim usually lacks the power to resist or fight back. A Type of abuse may be indicated. There may also be a Degree. ' Her father verbally abused her mother. '"
"Doug had heard that his wife Danielle had been known to appear at the store with a black eye or other signs of physical abuse , and it was well known that he hated Dempster ; he had frequently said so himself in front of witnesses .",abuse,Abusing,"In this frame an Abuser repeatedly treats the Victim in a cruel and violent way, including physically harming or forcing the Victim to engage in sexual activity against their will. The Victim usually lacks the power to resist or fight back. A Type of abuse may be indicated. There may also be a Degree. ' Her father verbally abused her mother. '"
"Though the number of cases where a link between HIV/AIDS and child sexual abuse has been made is relatively small , the long-term implications can not be ignored .",abuse,Abusing,"In this frame an Abuser repeatedly treats the Victim in a cruel and violent way, including physically harming or forcing the Victim to engage in sexual activity against their will. The Victim usually lacks the power to resist or fight back. A Type of abuse may be indicated. There may also be a Degree. ' Her father verbally abused her mother. '"
"In the USA some interesting research ( Zuravin and Watson , 1987 ) has been conducted into anonymous reports of child physical abuse , which indicated that reports made by anonymous sources were more likely to be unfounded than reports made by professionals and nonprofessionals .",abuse,Abusing,"In this frame an Abuser repeatedly treats the Victim in a cruel and violent way, including physically harming or forcing the Victim to engage in sexual activity against their will. The Victim usually lacks the power to resist or fight back. A Type of abuse may be indicated. There may also be a Degree. ' Her father verbally abused her mother. '"
"No one , either in Orkney or beyond , denies that child abuse exists ; some say that the sexual abuse of children is rife in today 's society .",abuse,Abusing,"In this frame an Abuser repeatedly treats the Victim in a cruel and violent way, including physically harming or forcing the Victim to engage in sexual activity against their will. The Victim usually lacks the power to resist or fight back. A Type of abuse may be indicated. There may also be a Degree. ' Her father verbally abused her mother. '"
It is indeed very rare for a case of sexual abuse by a teacher to surface publicly .,abuse,Abusing,"In this frame an Abuser repeatedly treats the Victim in a cruel and violent way, including physically harming or forcing the Victim to engage in sexual activity against their will. The Victim usually lacks the power to resist or fight back. A Type of abuse may be indicated. There may also be a Degree. ' Her father verbally abused her mother. '"
A FULL public inquiry was promised last night into allegations of sexual and physical abuse of children in council care .,abuse,Abusing,"In this frame an Abuser repeatedly treats the Victim in a cruel and violent way, including physically harming or forcing the Victim to engage in sexual activity against their will. The Victim usually lacks the power to resist or fight back. A Type of abuse may be indicated. There may also be a Degree. ' Her father verbally abused her mother. '"
One girl talked to us about her sexual abuse .,abuse,Abusing,"In this frame an Abuser repeatedly treats the Victim in a cruel and violent way, including physically harming or forcing the Victim to engage in sexual activity against their will. The Victim usually lacks the power to resist or fight back. A Type of abuse may be indicated. There may also be a Degree. ' Her father verbally abused her mother. '"
"Reports on the armed conflict in the former Yugoslavia , however , suggest not only that rape and the sexual abuse of women have been carried out on a massive scale , but that it has been systematic and organised .",abuse,Abusing,"In this frame an Abuser repeatedly treats the Victim in a cruel and violent way, including physically harming or forcing the Victim to engage in sexual activity against their will. The Victim usually lacks the power to resist or fight back. A Type of abuse may be indicated. There may also be a Degree. ' Her father verbally abused her mother. '"
Abuse of children has been recognised as an important concern because children are seen to represent the future ; to abuse them is to abuse the future welfare of the nation .,abuse,Abusing,"In this frame an Abuser repeatedly treats the Victim in a cruel and violent way, including physically harming or forcing the Victim to engage in sexual activity against their will. The Victim usually lacks the power to resist or fight back. A Type of abuse may be indicated. There may also be a Degree. ' Her father verbally abused her mother. '"
"The king tried to rally the city to his defence , but failed utterly and withdrew westwards with the Despensers and a few remaining friends .",with,Accompaniment,A Co_participant fills the same role as the Participant in an event or relation. '' 'The mayor was killed along with three bodyguards and his driver.' 'The doctor told me to take my regular pill in combination with the new drug and I will be cured of my symptoms.'
In March the first Soviet military units began withdrawing with their equipment from Czechoslovakia and Hungary .,with,Accompaniment,A Co_participant fills the same role as the Participant in an event or relation. '' 'The mayor was killed along with three bodyguards and his driver.' 'The doctor told me to take my regular pill in combination with the new drug and I will be cured of my symptoms.'
"He finally withdrew with Rupert and , like him , was at length formally reconciled to the king , being pardoned on 3 April 1646 and created baronet on 11 June .",with,Accompaniment,A Co_participant fills the same role as the Participant in an event or relation. '' 'The mayor was killed along with three bodyguards and his driver.' 'The doctor told me to take my regular pill in combination with the new drug and I will be cured of my symptoms.'
"With his family and friends Doak has pioneered work and communication with dolphins in the wild , interacting with them on their terms , and in their environment .",with,Accompaniment,A Co_participant fills the same role as the Participant in an event or relation. '' 'The mayor was killed along with three bodyguards and his driver.' 'The doctor told me to take my regular pill in combination with the new drug and I will be cured of my symptoms.'
"While I was standing on the lawn with Mame , waiting for another tremor , I noticed that all the earthworms were emerging from the ground and slithering across the lawn !",with,Accompaniment,A Co_participant fills the same role as the Participant in an event or relation. '' 'The mayor was killed along with three bodyguards and his driver.' 'The doctor told me to take my regular pill in combination with the new drug and I will be cured of my symptoms.'
"In the early 1980 s , Libya accelerated its efforts to obtain a longer-range ballistic missile with the al-Fatah , reportedly with a range of 950 km .",with,Accompaniment,A Co_participant fills the same role as the Participant in an event or relation. '' 'The mayor was killed along with three bodyguards and his driver.' 'The doctor told me to take my regular pill in combination with the new drug and I will be cured of my symptoms.'
"When Jesus was born in about 4 b.c. , Joseph and Mary escaped Herod 's paranoia by fleeing into Egypt with the new - born infant .",with,Accompaniment,A Co_participant fills the same role as the Participant in an event or relation. '' 'The mayor was killed along with three bodyguards and his driver.' 'The doctor told me to take my regular pill in combination with the new drug and I will be cured of my symptoms.'
Prosperity has brought with it a new emphasis on historic preservation .,with,Accompaniment,A Co_participant fills the same role as the Participant in an event or relation. '' 'The mayor was killed along with three bodyguards and his driver.' 'The doctor told me to take my regular pill in combination with the new drug and I will be cured of my symptoms.'
"So this is the reality we 're living in al-Anbar in general , and Ramadi in particular , that is the head Sheiks of some tribes , and symbols of the Islamic Party , sat with the Americans in Jordan , and other places , to fight terrorism and its people .",with,Accompaniment,A Co_participant fills the same role as the Participant in an event or relation. '' 'The mayor was killed along with three bodyguards and his driver.' 'The doctor told me to take my regular pill in combination with the new drug and I will be cured of my symptoms.'
"With the help of friends like you , Goodwill has continued to adapt our services to meet the human needs of our changing society .",with,Accompaniment,A Co_participant fills the same role as the Participant in an event or relation. '' 'The mayor was killed along with three bodyguards and his driver.' 'The doctor told me to take my regular pill in combination with the new drug and I will be cured of my symptoms.'
"They accomplish this task by listening to papers delivered on them and by attending ` pray-ins "" in which they pray to the Implied Reader .",accomplish,Accomplishment,"After a period in which the Agent has been working on a Goal, the Agent manages to attain it. The Goal may be a desired state, or be conceptualized as an event. '' 'Jeremey obediently accomplished this task.' 'In response, the Prime Minister has simply cited his free-market accomplishments. '"
Leonie had exactly one hour to accomplish her mission .,accomplish,Accomplishment,"After a period in which the Agent has been working on a Goal, the Agent manages to attain it. The Goal may be a desired state, or be conceptualized as an event. '' 'Jeremey obediently accomplished this task.' 'In response, the Prime Minister has simply cited his free-market accomplishments. '"
"In the past 200 years , America has accomplished feats which took other countries years to achieve .",accomplish,Accomplishment,"After a period in which the Agent has been working on a Goal, the Agent manages to attain it. The Goal may be a desired state, or be conceptualized as an event. '' 'Jeremey obediently accomplished this task.' 'In response, the Prime Minister has simply cited his free-market accomplishments. '"
In any transient situation there are always institutions and individuals that are able to anticipate the need for change and are sufficiently flexible to be able to accomplish the transition early and in an orderly fashion .,accomplish,Accomplishment,"After a period in which the Agent has been working on a Goal, the Agent manages to attain it. The Goal may be a desired state, or be conceptualized as an event. '' 'Jeremey obediently accomplished this task.' 'In response, the Prime Minister has simply cited his free-market accomplishments. '"
You can accomplish much more without any damage to health or mental stability .,accomplish,Accomplishment,"After a period in which the Agent has been working on a Goal, the Agent manages to attain it. The Goal may be a desired state, or be conceptualized as an event. '' 'Jeremey obediently accomplished this task.' 'In response, the Prime Minister has simply cited his free-market accomplishments. '"
Indeed very few presidents in the last half century have accomplished much in the way of substantial policy change .,accomplish,Accomplishment,"After a period in which the Agent has been working on a Goal, the Agent manages to attain it. The Goal may be a desired state, or be conceptualized as an event. '' 'Jeremey obediently accomplished this task.' 'In response, the Prime Minister has simply cited his free-market accomplishments. '"
"Recent and current work demonstrates incontrovertibly that if a child is adept at segmenting heard speech into sub-word constituents before tackling the task of learning to read , this task will be accomplished much more easily .",accomplish,Accomplishment,"After a period in which the Agent has been working on a Goal, the Agent manages to attain it. The Goal may be a desired state, or be conceptualized as an event. '' 'Jeremey obediently accomplished this task.' 'In response, the Prime Minister has simply cited his free-market accomplishments. '"
"He accomplished much while director of the Metropolitan Museum of Art , but today is apparently content to sit out the art world harbouring bitter memories of what might have been .",accomplish,Accomplishment,"After a period in which the Agent has been working on a Goal, the Agent manages to attain it. The Goal may be a desired state, or be conceptualized as an event. '' 'Jeremey obediently accomplished this task.' 'In response, the Prime Minister has simply cited his free-market accomplishments. '"
"Good-nights were exchanged and he left the shop with a feeling of satisfaction , as if a rather difficult task had been successfully accomplished .",accomplish,Accomplishment,"After a period in which the Agent has been working on a Goal, the Agent manages to attain it. The Goal may be a desired state, or be conceptualized as an event. '' 'Jeremey obediently accomplished this task.' 'In response, the Prime Minister has simply cited his free-market accomplishments. '"
With some hindsight we began to realise that the design and control of large systems can not be successfully accomplished without exceedingly large quantities of information .,accomplish,Accomplishment,"After a period in which the Agent has been working on a Goal, the Agent manages to attain it. The Goal may be a desired state, or be conceptualized as an event. '' 'Jeremey obediently accomplished this task.' 'In response, the Prime Minister has simply cited his free-market accomplishments. '"
"Wan and red-eyed , and nearly always male , they wore rebel chic regalia and communicated in either a hyperactive babble or a laboured monotone .",regalia,Accoutrements,"A Wearer wears accessories, which are made of some Material and may have a Style. Most of the accessories are non-essential (clothing) items. 'She wore a black velvet hat on her head.'"
"Tammuz managed to catch Roirbak just as he was making the finishing touches to his evening regalia : black , matt silk suit with thread-wide yellow pinstripe , understated gold adornments , I-Ching earrings .",regalia,Accoutrements,"A Wearer wears accessories, which are made of some Material and may have a Style. Most of the accessories are non-essential (clothing) items. 'She wore a black velvet hat on her head.'"
"The faces grinning from the tatty punk regalia looked so depraved and hollow-eyed that I could not bear to think of my American blues friends calling them ` sir "" .",regalia,Accoutrements,"A Wearer wears accessories, which are made of some Material and may have a Style. Most of the accessories are non-essential (clothing) items. 'She wore a black velvet hat on her head.'"
"Some of them were dressed in Ottoman regalia or Arab dress or even French cavalry uniform , serious-looking young men who -- in the later pictures -- were carrying Lee-Enfield service rifles .",regalia,Accoutrements,"A Wearer wears accessories, which are made of some Material and may have a Style. Most of the accessories are non-essential (clothing) items. 'She wore a black velvet hat on her head.'"
Barbarossa 's own depiction shows imperial regalia of orb and sceptre .,regalia,Accoutrements,"A Wearer wears accessories, which are made of some Material and may have a Style. Most of the accessories are non-essential (clothing) items. 'She wore a black velvet hat on her head.'"
"` I expect she would laugh her socks off if she found you here in royal regalia ! """,regalia,Accoutrements,"A Wearer wears accessories, which are made of some Material and may have a Style. Most of the accessories are non-essential (clothing) items. 'She wore a black velvet hat on her head.'"
He did so wearing his coral regalia .,regalia,Accoutrements,"A Wearer wears accessories, which are made of some Material and may have a Style. Most of the accessories are non-essential (clothing) items. 'She wore a black velvet hat on her head.'"
The wealth of diamonds incorporated in her regalia reflected the fact that Catherine presided over a realm that for a short period was the world 's leading producer .,regalia,Accoutrements,"A Wearer wears accessories, which are made of some Material and may have a Style. Most of the accessories are non-essential (clothing) items. 'She wore a black velvet hat on her head.'"
"Aunt Tossie , Mrs Florence Fox-Collier , was Maman 's ( Lady Forester 's ) elder and widowed sister -- widowed for two years but still wearing full mourning regalia .",regalia,Accoutrements,"A Wearer wears accessories, which are made of some Material and may have a Style. Most of the accessories are non-essential (clothing) items. 'She wore a black velvet hat on her head.'"
"The New Musical Express , stumbling after the new wave , advertised bells and full hippy regalia , from the people who had brought Beatle jackets to the young .",regalia,Accoutrements,"A Wearer wears accessories, which are made of some Material and may have a Style. Most of the accessories are non-essential (clothing) items. 'She wore a black velvet hat on her head.'"
This helps stress the need to get the whole approach right if the landings are to be reasonably accurate .,accurate,Accuracy,"An Agent is involved in an activity whose degree of success is dependent on a parameter of the action matching a particular set of values of a continuous variable or variables (e.g. quantity, location, time). The Agent, or metonymically the Instrument or Means action, is described in terms of the actual or expected Deviation between the location, time, or quantity in the activity and the location, time, or quantity which is necessary for the intended event. 'The Longview Rangefinder is accurate to within one foot per hundred yards .' 'His estimate was off by an order of magnitude .' 'The fork truck operator must be fairly accurate in his aim.' 'The precision of the daily measurements is dependent on a number of factors.'"
Large samples should permit more accurate estimates of prevalence than smaller studies .,accurate,Accuracy,"An Agent is involved in an activity whose degree of success is dependent on a parameter of the action matching a particular set of values of a continuous variable or variables (e.g. quantity, location, time). The Agent, or metonymically the Instrument or Means action, is described in terms of the actual or expected Deviation between the location, time, or quantity in the activity and the location, time, or quantity which is necessary for the intended event. 'The Longview Rangefinder is accurate to within one foot per hundred yards .' 'His estimate was off by an order of magnitude .' 'The fork truck operator must be fairly accurate in his aim.' 'The precision of the daily measurements is dependent on a number of factors.'"
"The neolithic builders were highly accurate , curving the stone lintels to follow the circumference of a circle and aligning the stones with the exact positions of the midwinter and midsummer sun .",accurate,Accuracy,"An Agent is involved in an activity whose degree of success is dependent on a parameter of the action matching a particular set of values of a continuous variable or variables (e.g. quantity, location, time). The Agent, or metonymically the Instrument or Means action, is described in terms of the actual or expected Deviation between the location, time, or quantity in the activity and the location, time, or quantity which is necessary for the intended event. 'The Longview Rangefinder is accurate to within one foot per hundred yards .' 'His estimate was off by an order of magnitude .' 'The fork truck operator must be fairly accurate in his aim.' 'The precision of the daily measurements is dependent on a number of factors.'"
"For further and more accurate identification of meiotic bivalents , or in the interpretation of abnormal configurations , C-banding will be found helpful .",accurate,Accuracy,"An Agent is involved in an activity whose degree of success is dependent on a parameter of the action matching a particular set of values of a continuous variable or variables (e.g. quantity, location, time). The Agent, or metonymically the Instrument or Means action, is described in terms of the actual or expected Deviation between the location, time, or quantity in the activity and the location, time, or quantity which is necessary for the intended event. 'The Longview Rangefinder is accurate to within one foot per hundred yards .' 'His estimate was off by an order of magnitude .' 'The fork truck operator must be fairly accurate in his aim.' 'The precision of the daily measurements is dependent on a number of factors.'"
"Speedy , and with neat control , his shooting was accurate and his use of dead-ball situations intelligent and effective .",accurate,Accuracy,"An Agent is involved in an activity whose degree of success is dependent on a parameter of the action matching a particular set of values of a continuous variable or variables (e.g. quantity, location, time). The Agent, or metonymically the Instrument or Means action, is described in terms of the actual or expected Deviation between the location, time, or quantity in the activity and the location, time, or quantity which is necessary for the intended event. 'The Longview Rangefinder is accurate to within one foot per hundred yards .' 'His estimate was off by an order of magnitude .' 'The fork truck operator must be fairly accurate in his aim.' 'The precision of the daily measurements is dependent on a number of factors.'"
It is crucially dependent upon accurate forecasting and the ability of the MAC to deliver the right student numbers in the right field combinations .,accurate,Accuracy,"An Agent is involved in an activity whose degree of success is dependent on a parameter of the action matching a particular set of values of a continuous variable or variables (e.g. quantity, location, time). The Agent, or metonymically the Instrument or Means action, is described in terms of the actual or expected Deviation between the location, time, or quantity in the activity and the location, time, or quantity which is necessary for the intended event. 'The Longview Rangefinder is accurate to within one foot per hundred yards .' 'His estimate was off by an order of magnitude .' 'The fork truck operator must be fairly accurate in his aim.' 'The precision of the daily measurements is dependent on a number of factors.'"
"Another side of Alfieri 's very accurate sense of perception , is his fatalism .",accurate,Accuracy,"An Agent is involved in an activity whose degree of success is dependent on a parameter of the action matching a particular set of values of a continuous variable or variables (e.g. quantity, location, time). The Agent, or metonymically the Instrument or Means action, is described in terms of the actual or expected Deviation between the location, time, or quantity in the activity and the location, time, or quantity which is necessary for the intended event. 'The Longview Rangefinder is accurate to within one foot per hundred yards .' 'His estimate was off by an order of magnitude .' 'The fork truck operator must be fairly accurate in his aim.' 'The precision of the daily measurements is dependent on a number of factors.'"
However random access is fast and accurate and VHD is the main rival on the British market to the Active Play laser disc for education and training uses .,accurate,Accuracy,"An Agent is involved in an activity whose degree of success is dependent on a parameter of the action matching a particular set of values of a continuous variable or variables (e.g. quantity, location, time). The Agent, or metonymically the Instrument or Means action, is described in terms of the actual or expected Deviation between the location, time, or quantity in the activity and the location, time, or quantity which is necessary for the intended event. 'The Longview Rangefinder is accurate to within one foot per hundred yards .' 'His estimate was off by an order of magnitude .' 'The fork truck operator must be fairly accurate in his aim.' 'The precision of the daily measurements is dependent on a number of factors.'"
Bar charts are very versatile and accurate .,accurate,Accuracy,"An Agent is involved in an activity whose degree of success is dependent on a parameter of the action matching a particular set of values of a continuous variable or variables (e.g. quantity, location, time). The Agent, or metonymically the Instrument or Means action, is described in terms of the actual or expected Deviation between the location, time, or quantity in the activity and the location, time, or quantity which is necessary for the intended event. 'The Longview Rangefinder is accurate to within one foot per hundred yards .' 'His estimate was off by an order of magnitude .' 'The fork truck operator must be fairly accurate in his aim.' 'The precision of the daily measurements is dependent on a number of factors.'"
Farmers would have to be 100 per cent accurate in the identification system to avoid losing out on premium payments .,accurate,Accuracy,"An Agent is involved in an activity whose degree of success is dependent on a parameter of the action matching a particular set of values of a continuous variable or variables (e.g. quantity, location, time). The Agent, or metonymically the Instrument or Means action, is described in terms of the actual or expected Deviation between the location, time, or quantity in the activity and the location, time, or quantity which is necessary for the intended event. 'The Longview Rangefinder is accurate to within one foot per hundred yards .' 'His estimate was off by an order of magnitude .' 'The fork truck operator must be fairly accurate in his aim.' 'The precision of the daily measurements is dependent on a number of factors.'"
"In part three next month , we suggest ways of originating your own artwork so that you can design your very own printed circuit boards .",originate,Achieving_first,A Cognizer introduces a New_idea into society. 'It is difficult to imagine how different our lives would be without Edison's invention of the light bulb.'
"Monsieur Nýgre himself , who has originated the idea of sweetmeats of crystallised flowers -- you have seen his shop in this very street -- has supplied the violets . """,originate,Achieving_first,A Cognizer introduces a New_idea into society. 'It is difficult to imagine how different our lives would be without Edison's invention of the light bulb.'
"In addition it was felt that if regional studios were established as well as transmitters , these would be able to originate their own material for local transmission , which would help redress any cultural imbalance in programming .",originate,Achieving_first,A Cognizer introduces a New_idea into society. 'It is difficult to imagine how different our lives would be without Edison's invention of the light bulb.'
"He then made a major contribution to the development of the internal combustion engine , originating the use of aluminium for pistons .",originate,Achieving_first,A Cognizer introduces a New_idea into society. 'It is difficult to imagine how different our lives would be without Edison's invention of the light bulb.'
"We believe , as did the Ancient Greeks who originated the word ‘ aristocracy ’ , that every man with the right attitude and talents , regardless of birth or riches , has a capacity of reaching … that status in its true sense . ’",originate,Achieving_first,A Cognizer introduces a New_idea into society. 'It is difficult to imagine how different our lives would be without Edison's invention of the light bulb.'
"And by the same token , there is no such thing as an author , that is to say , one who originates a work of fiction ab nihilo .",originate,Achieving_first,A Cognizer introduces a New_idea into society. 'It is difficult to imagine how different our lives would be without Edison's invention of the light bulb.'
The agency originated no new creative work for the brands .,originate,Achieving_first,A Cognizer introduces a New_idea into society. 'It is difficult to imagine how different our lives would be without Edison's invention of the light bulb.'
"William Morris , drawn into politics by the Bulgarian Atrocities agitation , had originated the trend for middle-class intellectuals disillusioned with liberal foreign policy to place their faith in the workers .",originate,Achieving_first,A Cognizer introduces a New_idea into society. 'It is difficult to imagine how different our lives would be without Edison's invention of the light bulb.'
"Waddell , a Professor of Tibetan at the University of London , believed that the Aryans were the bearers of culture and had originated all the main civilizations in history .",originate,Achieving_first,A Cognizer introduces a New_idea into society. 'It is difficult to imagine how different our lives would be without Edison's invention of the light bulb.'
"If Burun had originated the plot , it was possible that he felt some responsibility towards Sidacai .",originate,Achieving_first,A Cognizer introduces a New_idea into society. 'It is difficult to imagine how different our lives would be without Edison's invention of the light bulb.'
The second generation thrombolytic agents are recombinant tissue plasminogen activator ( rt-PA ) and APSAC ( anistreplase ) .,agent,Active_substance,A Substance causes an Effect. The Substance is produced by a process understood as directed towards the Effect. The Name for the material that makes up the substance may also be given. 'A rationale for using denatured gp160 as a therapeutic agent in HIV-infected people is to boost the immune response .' 'The quinolones now seem to be the antimicrobial agents of choice for acute bacterial prostatitis.' 'Hormonally active chemicals have the potential to cause significant environmental injury.' 'Only after the potion has been drunk does the active ingredient form. DNI' 'The sarin agent might have been a leftover shell from a chemical-arms dump. '
Currently available thrombolytic agents have several important limitations .,agent,Active_substance,A Substance causes an Effect. The Substance is produced by a process understood as directed towards the Effect. The Name for the material that makes up the substance may also be given. 'A rationale for using denatured gp160 as a therapeutic agent in HIV-infected people is to boost the immune response .' 'The quinolones now seem to be the antimicrobial agents of choice for acute bacterial prostatitis.' 'Hormonally active chemicals have the potential to cause significant environmental injury.' 'Only after the potion has been drunk does the active ingredient form. DNI' 'The sarin agent might have been a leftover shell from a chemical-arms dump. '
After any effective thrombolytic agent the patient is usually left with a patent vessel .,agent,Active_substance,A Substance causes an Effect. The Substance is produced by a process understood as directed towards the Effect. The Name for the material that makes up the substance may also be given. 'A rationale for using denatured gp160 as a therapeutic agent in HIV-infected people is to boost the immune response .' 'The quinolones now seem to be the antimicrobial agents of choice for acute bacterial prostatitis.' 'Hormonally active chemicals have the potential to cause significant environmental injury.' 'Only after the potion has been drunk does the active ingredient form. DNI' 'The sarin agent might have been a leftover shell from a chemical-arms dump. '
"THE only surprise in the history of interferon is its meteoric rise to fame as a cancer cure , after its earlier promise as an anti-viral agent .",agent,Active_substance,A Substance causes an Effect. The Substance is produced by a process understood as directed towards the Effect. The Name for the material that makes up the substance may also be given. 'A rationale for using denatured gp160 as a therapeutic agent in HIV-infected people is to boost the immune response .' 'The quinolones now seem to be the antimicrobial agents of choice for acute bacterial prostatitis.' 'Hormonally active chemicals have the potential to cause significant environmental injury.' 'Only after the potion has been drunk does the active ingredient form. DNI' 'The sarin agent might have been a leftover shell from a chemical-arms dump. '
He conceded that high levels of pollution could have affected the dolphin 's defence mechanisms making them vulnerable to attack by an infectious agent .,agent,Active_substance,A Substance causes an Effect. The Substance is produced by a process understood as directed towards the Effect. The Name for the material that makes up the substance may also be given. 'A rationale for using denatured gp160 as a therapeutic agent in HIV-infected people is to boost the immune response .' 'The quinolones now seem to be the antimicrobial agents of choice for acute bacterial prostatitis.' 'Hormonally active chemicals have the potential to cause significant environmental injury.' 'Only after the potion has been drunk does the active ingredient form. DNI' 'The sarin agent might have been a leftover shell from a chemical-arms dump. '
"Very recently it has been shown that treating prediabetic mice ( that is , before they develop symptoms ) with various chemical agents , including insulin , will prevent diabetes from developing .",agent,Active_substance,A Substance causes an Effect. The Substance is produced by a process understood as directed towards the Effect. The Name for the material that makes up the substance may also be given. 'A rationale for using denatured gp160 as a therapeutic agent in HIV-infected people is to boost the immune response .' 'The quinolones now seem to be the antimicrobial agents of choice for acute bacterial prostatitis.' 'Hormonally active chemicals have the potential to cause significant environmental injury.' 'Only after the potion has been drunk does the active ingredient form. DNI' 'The sarin agent might have been a leftover shell from a chemical-arms dump. '
Various pharmacological agents can modulate the IP 3 R but their actions are not particularly specific .,agent,Active_substance,A Substance causes an Effect. The Substance is produced by a process understood as directed towards the Effect. The Name for the material that makes up the substance may also be given. 'A rationale for using denatured gp160 as a therapeutic agent in HIV-infected people is to boost the immune response .' 'The quinolones now seem to be the antimicrobial agents of choice for acute bacterial prostatitis.' 'Hormonally active chemicals have the potential to cause significant environmental injury.' 'Only after the potion has been drunk does the active ingredient form. DNI' 'The sarin agent might have been a leftover shell from a chemical-arms dump. '
"Those patients at most risk when undergoing ERCP are the elderly , and previous workers have shown that age is a predisposing factor to hypoxia during ERCP when narcotic agents are used in conjunction with benzodiazepine sedation .",agent,Active_substance,A Substance causes an Effect. The Substance is produced by a process understood as directed towards the Effect. The Name for the material that makes up the substance may also be given. 'A rationale for using denatured gp160 as a therapeutic agent in HIV-infected people is to boost the immune response .' 'The quinolones now seem to be the antimicrobial agents of choice for acute bacterial prostatitis.' 'Hormonally active chemicals have the potential to cause significant environmental injury.' 'Only after the potion has been drunk does the active ingredient form. DNI' 'The sarin agent might have been a leftover shell from a chemical-arms dump. '
"Britain and America are worried enough to have produced enough serum to immunise their troops against anthrax , one of the biological agents he is most likely to have .",agent,Active_substance,A Substance causes an Effect. The Substance is produced by a process understood as directed towards the Effect. The Name for the material that makes up the substance may also be given. 'A rationale for using denatured gp160 as a therapeutic agent in HIV-infected people is to boost the immune response .' 'The quinolones now seem to be the antimicrobial agents of choice for acute bacterial prostatitis.' 'Hormonally active chemicals have the potential to cause significant environmental injury.' 'Only after the potion has been drunk does the active ingredient form. DNI' 'The sarin agent might have been a leftover shell from a chemical-arms dump. '
"Biological agents provide promising alternatives , but we need to understand more about their modes of action .",agent,Active_substance,A Substance causes an Effect. The Substance is produced by a process understood as directed towards the Effect. The Name for the material that makes up the substance may also be given. 'A rationale for using denatured gp160 as a therapeutic agent in HIV-infected people is to boost the immune response .' 'The quinolones now seem to be the antimicrobial agents of choice for acute bacterial prostatitis.' 'Hormonally active chemicals have the potential to cause significant environmental injury.' 'Only after the potion has been drunk does the active ingredient form. DNI' 'The sarin agent might have been a leftover shell from a chemical-arms dump. '
"So , come , let 's be done with it ! """,done,Activity_done_state,An Agent has completed an Activity. '' 'Finally I am done cleaning the apartment.' 'Construction on the new Safeway was done by October.'
Faith was done with old-fashioned equipment ; we needed more equipment to do the water-crossings ahead .,done,Activity_done_state,An Agent has completed an Activity. '' 'Finally I am done cleaning the apartment.' 'Construction on the new Safeway was done by October.'
"I am done with you ; you may lead your lives as you wish . """,done,Activity_done_state,An Agent has completed an Activity. '' 'Finally I am done cleaning the apartment.' 'Construction on the new Safeway was done by October.'
"I 'll take the English car and be done with it . """,done,Activity_done_state,An Agent has completed an Activity. '' 'Finally I am done cleaning the apartment.' 'Construction on the new Safeway was done by October.'
"Each day , when Tod and I are done with the Gazette , we take it back to the store .",done,Activity_done_state,An Agent has completed an Activity. '' 'Finally I am done cleaning the apartment.' 'Construction on the new Safeway was done by October.'
Lets wait and try to offset the amount we owe them with what they owe us - so I say wait until you get July and August done .,done,Activity_done_state,An Agent has completed an Activity. '' 'Finally I am done cleaning the apartment.' 'Construction on the new Safeway was done by October.'
"The Second Temple was finished in 515 b.c. , but much of the city still lay in ruins .",finished,Activity_done_state,An Agent has completed an Activity. '' 'Finally I am done cleaning the apartment.' 'Construction on the new Safeway was done by October.'
When Miss Thorne finished working on the scene he heard his companions sigh with relief .,finish,Activity_finish,"An Agent finishes an Activity, which can no longer logically continue. This frame is a subframe of Activity. '' 'Jason completed grading the papers late Sunday night.' 'Upon completion of the final exam, Ava tossed out her notes. '"
"She had finished tea , and the tray was still at her side .",finish,Activity_finish,"An Agent finishes an Activity, which can no longer logically continue. This frame is a subframe of Activity. '' 'Jason completed grading the papers late Sunday night.' 'Upon completion of the final exam, Ava tossed out her notes. '"
"Waiting and more waiting , thought Claudel as he finished breakfast .",finish,Activity_finish,"An Agent finishes an Activity, which can no longer logically continue. This frame is a subframe of Activity. '' 'Jason completed grading the papers late Sunday night.' 'Upon completion of the final exam, Ava tossed out her notes. '"
Then finish the vegetables .,finish,Activity_finish,"An Agent finishes an Activity, which can no longer logically continue. This frame is a subframe of Activity. '' 'Jason completed grading the papers late Sunday night.' 'Upon completion of the final exam, Ava tossed out her notes. '"
"Sometimes called Scotland 's Disgrace , because it was never finished for lack of funds , this fragment of a memorial to the fallen in the Napoleonic War was intended to be a facsimile of the parthenon .",finish,Activity_finish,"An Agent finishes an Activity, which can no longer logically continue. This frame is a subframe of Activity. '' 'Jason completed grading the papers late Sunday night.' 'Upon completion of the final exam, Ava tossed out her notes. '"
"“ It 's the best … it 's the best , ” but he never finished .",finish,Activity_finish,"An Agent finishes an Activity, which can no longer logically continue. This frame is a subframe of Activity. '' 'Jason completed grading the papers late Sunday night.' 'Upon completion of the final exam, Ava tossed out her notes. '"
Are you all finished now ?,finish,Activity_finish,"An Agent finishes an Activity, which can no longer logically continue. This frame is a subframe of Activity. '' 'Jason completed grading the papers late Sunday night.' 'Upon completion of the final exam, Ava tossed out her notes. '"
"Malone finished strongly and were rewarded with a try by Stuart Hooks in the final minute which was converted by Bush , whose place kicking was impeccable .",finish,Activity_finish,"An Agent finishes an Activity, which can no longer logically continue. This frame is a subframe of Activity. '' 'Jason completed grading the papers late Sunday night.' 'Upon completion of the final exam, Ava tossed out her notes. '"
"However , Price finished strongly and snatched one five minutes from the end and came very close to forcing a replay .",finish,Activity_finish,"An Agent finishes an Activity, which can no longer logically continue. This frame is a subframe of Activity. '' 'Jason completed grading the papers late Sunday night.' 'Upon completion of the final exam, Ava tossed out her notes. '"
"Although Pendero had finished strongly at Ascot , that was because it had been a truly run race and the leaders had finished tired .",finish,Activity_finish,"An Agent finishes an Activity, which can no longer logically continue. This frame is a subframe of Activity. '' 'Jason completed grading the papers late Sunday night.' 'Upon completion of the final exam, Ava tossed out her notes. '"
“ I keep getting interrupted .,keep,Activity_ongoing,"An Agent is performing the portion of an Activity in which there is dynamic stability. '' 'Not noticing the hoards of people rushing by the window, Manny continued eating his lunch.' 'Keep living the dream!'"
"John Surtees kept the British flag flying in 1964 , before Clark won his second title a year later .",keep,Activity_ongoing,"An Agent is performing the portion of an Activity in which there is dynamic stability. '' 'Not noticing the hoards of people rushing by the window, Manny continued eating his lunch.' 'Keep living the dream!'"
"I kept expecting the teacher to praise her , but instead she suddenly cried out ,",keep,Activity_ongoing,"An Agent is performing the portion of an Activity in which there is dynamic stability. '' 'Not noticing the hoards of people rushing by the window, Manny continued eating his lunch.' 'Keep living the dream!'"
"I kept saying to them all in my mind , ` You see ?",keep,Activity_ongoing,"An Agent is performing the portion of an Activity in which there is dynamic stability. '' 'Not noticing the hoards of people rushing by the window, Manny continued eating his lunch.' 'Keep living the dream!'"
I have a friend who owns an ST and he keeps telling me to sell my C64 .,keep,Activity_ongoing,"An Agent is performing the portion of an Activity in which there is dynamic stability. '' 'Not noticing the hoards of people rushing by the window, Manny continued eating his lunch.' 'Keep living the dream!'"
Do n't keep painting over chipped or worn polish .,keep,Activity_ongoing,"An Agent is performing the portion of an Activity in which there is dynamic stability. '' 'Not noticing the hoards of people rushing by the window, Manny continued eating his lunch.' 'Keep living the dream!'"
"He kept thinking of the girl in Mu Chua 's House of the Ninth Ecstasy ; the singsong girl , White Orchid , who had looked so much like Vesa .",keep,Activity_ongoing,"An Agent is performing the portion of an Activity in which there is dynamic stability. '' 'Not noticing the hoards of people rushing by the window, Manny continued eating his lunch.' 'Keep living the dream!'"
"` I keep telling him people ca n't see him on the radio . """,keep,Activity_ongoing,"An Agent is performing the portion of an Activity in which there is dynamic stability. '' 'Not noticing the hoards of people rushing by the window, Manny continued eating his lunch.' 'Keep living the dream!'"
I kept my hands clasped tightly to avoid the habitual gesture of hiding myself from sight .,keep,Activity_ongoing,"An Agent is performing the portion of an Activity in which there is dynamic stability. '' 'Not noticing the hoards of people rushing by the window, Manny continued eating his lunch.' 'Keep living the dream!'"
I said after last Tuesday 's game that if we kept working our luck would turn .,keep,Activity_ongoing,"An Agent is performing the portion of an Activity in which there is dynamic stability. '' 'Not noticing the hoards of people rushing by the window, Manny continued eating his lunch.' 'Keep living the dream!'"
"Under instructions from the Audit Commission , which oversees local-government finances , all councils suspended payments to the banks in November 1989 .",suspend,Activity_pause,An Agent pauses in the course of an Activity. '' 'The government froze settlement construction in 1992 to facilitate peace talks.' 'The lifting of the nuclear freeze was deemed necessary to generate needed electricity.'
"The CSCE on July 8 suspended the membership of the rump Yugoslavia , consisting of Serbia and Montenegro , until Oct. 14 .",suspend,Activity_pause,An Agent pauses in the course of an Activity. '' 'The government froze settlement construction in 1992 to facilitate peace talks.' 'The lifting of the nuclear freeze was deemed necessary to generate needed electricity.'
"Business suspended , thought Richard .",suspend,Activity_pause,An Agent pauses in the course of an Activity. '' 'The government froze settlement construction in 1992 to facilitate peace talks.' 'The lifting of the nuclear freeze was deemed necessary to generate needed electricity.'
Both countries suspended aid to the islands while the mercenaries were in control .,suspend,Activity_pause,An Agent pauses in the course of an Activity. '' 'The government froze settlement construction in 1992 to facilitate peace talks.' 'The lifting of the nuclear freeze was deemed necessary to generate needed electricity.'
THE United Nations suspended humanitarian aid operations in Bosnia-Herzegovina yesterday because of obstruction and interference by all three civil war factions .,suspend,Activity_pause,An Agent pauses in the course of an Activity. '' 'The government froze settlement construction in 1992 to facilitate peace talks.' 'The lifting of the nuclear freeze was deemed necessary to generate needed electricity.'
"The majority of the hunger strikers suspended their action on Oct. 12 after Moshe Shahal , the Israeli Minister of Police and Communications , announced the establishment of a special investigative committee to look into their demands .",suspend,Activity_pause,An Agent pauses in the course of an Activity. '' 'The government froze settlement construction in 1992 to facilitate peace talks.' 'The lifting of the nuclear freeze was deemed necessary to generate needed electricity.'
The blackout extended to news of the war and the German advance on Paris ; newspapers suspended publication temporarily and crowds gathered round the official bulletins pasted on the walls as rumour raced round the city .,suspend,Activity_pause,An Agent pauses in the course of an Activity. '' 'The government froze settlement construction in 1992 to facilitate peace talks.' 'The lifting of the nuclear freeze was deemed necessary to generate needed electricity.'
"BOSNIA 'S Muslim president yesterday suspended temporarily his participation in international peace talks in New York , saying he could not be involved as long as Serbs continued their offensive in eastern Bosnia and Sarajevo .",suspend,Activity_pause,An Agent pauses in the course of an Activity. '' 'The government froze settlement construction in 1992 to facilitate peace talks.' 'The lifting of the nuclear freeze was deemed necessary to generate needed electricity.'
The case was suspended indefinitely .,suspend,Activity_pause,An Agent pauses in the course of an Activity. '' 'The government froze settlement construction in 1992 to facilitate peace talks.' 'The lifting of the nuclear freeze was deemed necessary to generate needed electricity.'
The session was temporarily suspended .,suspend,Activity_pause,An Agent pauses in the course of an Activity. '' 'The government froze settlement construction in 1992 to facilitate peace talks.' 'The lifting of the nuclear freeze was deemed necessary to generate needed electricity.'
"To prepare adequately for a marathon , I think you should allow 26 weeks if you are inexperienced and at least 12 weeks if you have run several .",prepare,Activity_prepare,An Agent prepares for an Activity. '' 'The troops were preparing themselves for the mission.' 'The boats are getting ready to leave the pier.'
You do not feel inhibited because you have n't prepared adequately or fear that other people might catch you out or ridicule you .,prepare,Activity_prepare,An Agent prepares for an Activity. '' 'The troops were preparing themselves for the mission.' 'The boats are getting ready to leave the pier.'
But I did n't prepare carefully enough .,prepare,Activity_prepare,An Agent prepares for an Activity. '' 'The troops were preparing themselves for the mission.' 'The boats are getting ready to leave the pier.'
"The allegations broke on Tuesday as Jackson was preparing for the first of two concerts in Bangkok , the first stop in the Asian swing of his Dangerous world tour .",prepare,Activity_prepare,An Agent prepares for an Activity. '' 'The troops were preparing themselves for the mission.' 'The boats are getting ready to leave the pier.'
"North Korea has not conducted a nuclear test , but in early May 2005 , press reports indicated that U.S. satellite imagery had detected signs that North Korea could be preparing for a nuclear test to be conducted in June .",prepare,Activity_prepare,An Agent prepares for an Activity. '' 'The troops were preparing themselves for the mission.' 'The boats are getting ready to leave the pier.'
"Many analysts now believe the talks are dead , and in early May 2005 there were reports that Washington and Tokyo were preparing to refer the issue to the UN Security Council .",prepare,Activity_prepare,An Agent prepares for an Activity. '' 'The troops were preparing themselves for the mission.' 'The boats are getting ready to leave the pier.'
"`` Rhode Island is preparing itself for a major hurricane or other natural disaster , state and local officials testified at a field hearing of the Senate Homeland Security Committee Thursday , including establishing interoperable communications systems and community evacuation plans .",prepare,Activity_prepare,An Agent prepares for an Activity. '' 'The troops were preparing themselves for the mission.' 'The boats are getting ready to leave the pier.'
[ Mississippi ] National Guard Prepares For Hurricane Season [ and Chemical Terrorism ],prepare,Activity_prepare,An Agent prepares for an Activity. '' 'The troops were preparing themselves for the mission.' 'The boats are getting ready to leave the pier.'
Paula_Zahn : Today President Bush unveiled a seven point one billion dollar plan to prepare for a possible flu pandemic .,prepare,Activity_prepare,An Agent prepares for an Activity. '' 'The troops were preparing themselves for the mission.' 'The boats are getting ready to leave the pier.'
"Carrying out Jihad is the main reason the members of AL-QAEDA have gathered , together with performing the different duties of Islam as much as possible , shouldering together the duty of Jihad and preparing the efficient duties during conflicts .",prepare,Activity_prepare,An Agent prepares for an Activity. '' 'The troops were preparing themselves for the mission.' 'The boats are getting ready to leave the pier.'
So you are now ready to go rabbiting .,ready,Activity_ready_state,"The Protagonist is in an initial state, before beginning to be involved in the Activity, but all pre-conditions for performance of the Activity have been satisfied. In many cases, the Protagonist is an intentional agent, but there are other uses in which the agent is deprofiled, and the Protagonist is an entity which is essential to the Activity. Alternatively, the Activity may be indicated by a Salient_entity which stands in for the Activity. This Salient_entity may also be an intentional agent, but need not be. 'She 's not ready ! DNI.' 'He 's ready to talk , I think .' 'Is the UK government ready to do a u-turn on passport-ID cards ?' 'Check and see if Sal is ready for the bathtub .' 'The world is finally prepared for him !'"
"He was worried about what the cell was planning , thought they were going too far and he was almost ready to come over . ''",ready,Activity_ready_state,"The Protagonist is in an initial state, before beginning to be involved in the Activity, but all pre-conditions for performance of the Activity have been satisfied. In many cases, the Protagonist is an intentional agent, but there are other uses in which the agent is deprofiled, and the Protagonist is an entity which is essential to the Activity. Alternatively, the Activity may be indicated by a Salient_entity which stands in for the Activity. This Salient_entity may also be an intentional agent, but need not be. 'She 's not ready ! DNI.' 'He 's ready to talk , I think .' 'Is the UK government ready to do a u-turn on passport-ID cards ?' 'Check and see if Sal is ready for the bathtub .' 'The world is finally prepared for him !'"
"He was mean of temper , ever ready for fisti-cuffs with all and sundry ; was fond of gambling on horses , dogs and cards ; would spend a lot of money drinking with his mates ; but would begrudge paying his small contribution to the upkeep of our home .",ready,Activity_ready_state,"The Protagonist is in an initial state, before beginning to be involved in the Activity, but all pre-conditions for performance of the Activity have been satisfied. In many cases, the Protagonist is an intentional agent, but there are other uses in which the agent is deprofiled, and the Protagonist is an entity which is essential to the Activity. Alternatively, the Activity may be indicated by a Salient_entity which stands in for the Activity. This Salient_entity may also be an intentional agent, but need not be. 'She 's not ready ! DNI.' 'He 's ready to talk , I think .' 'Is the UK government ready to do a u-turn on passport-ID cards ?' 'Check and see if Sal is ready for the bathtub .' 'The world is finally prepared for him !'"
"We are always ready to assist and advise in the development of video film for your products and company , where none is available .",ready,Activity_ready_state,"The Protagonist is in an initial state, before beginning to be involved in the Activity, but all pre-conditions for performance of the Activity have been satisfied. In many cases, the Protagonist is an intentional agent, but there are other uses in which the agent is deprofiled, and the Protagonist is an entity which is essential to the Activity. Alternatively, the Activity may be indicated by a Salient_entity which stands in for the Activity. This Salient_entity may also be an intentional agent, but need not be. 'She 's not ready ! DNI.' 'He 's ready to talk , I think .' 'Is the UK government ready to do a u-turn on passport-ID cards ?' 'Check and see if Sal is ready for the bathtub .' 'The world is finally prepared for him !'"
"` As you can see , I 'm not quite ready .",ready,Activity_ready_state,"The Protagonist is in an initial state, before beginning to be involved in the Activity, but all pre-conditions for performance of the Activity have been satisfied. In many cases, the Protagonist is an intentional agent, but there are other uses in which the agent is deprofiled, and the Protagonist is an entity which is essential to the Activity. Alternatively, the Activity may be indicated by a Salient_entity which stands in for the Activity. This Salient_entity may also be an intentional agent, but need not be. 'She 's not ready ! DNI.' 'He 's ready to talk , I think .' 'Is the UK government ready to do a u-turn on passport-ID cards ?' 'Check and see if Sal is ready for the bathtub .' 'The world is finally prepared for him !'"
"The knight must be ready to fight hard when his prince required it of him ; he must never desert ; nor must he refuse to fight for the common good ; and , above all , he must fight fearlessly .",ready,Activity_ready_state,"The Protagonist is in an initial state, before beginning to be involved in the Activity, but all pre-conditions for performance of the Activity have been satisfied. In many cases, the Protagonist is an intentional agent, but there are other uses in which the agent is deprofiled, and the Protagonist is an entity which is essential to the Activity. Alternatively, the Activity may be indicated by a Salient_entity which stands in for the Activity. This Salient_entity may also be an intentional agent, but need not be. 'She 's not ready ! DNI.' 'He 's ready to talk , I think .' 'Is the UK government ready to do a u-turn on passport-ID cards ?' 'Check and see if Sal is ready for the bathtub .' 'The world is finally prepared for him !'"
I suggest you keep an eye on breeding pairs and be ready to move the female out if things get rough .,ready,Activity_ready_state,"The Protagonist is in an initial state, before beginning to be involved in the Activity, but all pre-conditions for performance of the Activity have been satisfied. In many cases, the Protagonist is an intentional agent, but there are other uses in which the agent is deprofiled, and the Protagonist is an entity which is essential to the Activity. Alternatively, the Activity may be indicated by a Salient_entity which stands in for the Activity. This Salient_entity may also be an intentional agent, but need not be. 'She 's not ready ! DNI.' 'He 's ready to talk , I think .' 'Is the UK government ready to do a u-turn on passport-ID cards ?' 'Check and see if Sal is ready for the bathtub .' 'The world is finally prepared for him !'"
Their pay levels are threatened as they become unable to control the supply of labour into their profession : there is always a ` reserve army '' of suitably qualified workers ready to step into their jobs .,ready,Activity_ready_state,"The Protagonist is in an initial state, before beginning to be involved in the Activity, but all pre-conditions for performance of the Activity have been satisfied. In many cases, the Protagonist is an intentional agent, but there are other uses in which the agent is deprofiled, and the Protagonist is an entity which is essential to the Activity. Alternatively, the Activity may be indicated by a Salient_entity which stands in for the Activity. This Salient_entity may also be an intentional agent, but need not be. 'She 's not ready ! DNI.' 'He 's ready to talk , I think .' 'Is the UK government ready to do a u-turn on passport-ID cards ?' 'Check and see if Sal is ready for the bathtub .' 'The world is finally prepared for him !'"
After that we will be ready to look at specific policies in more detail .,ready,Activity_ready_state,"The Protagonist is in an initial state, before beginning to be involved in the Activity, but all pre-conditions for performance of the Activity have been satisfied. In many cases, the Protagonist is an intentional agent, but there are other uses in which the agent is deprofiled, and the Protagonist is an entity which is essential to the Activity. Alternatively, the Activity may be indicated by a Salient_entity which stands in for the Activity. This Salient_entity may also be an intentional agent, but need not be. 'She 's not ready ! DNI.' 'He 's ready to talk , I think .' 'Is the UK government ready to do a u-turn on passport-ID cards ?' 'Check and see if Sal is ready for the bathtub .' 'The world is finally prepared for him !'"
"We were very , very angry and more than ready for a fight .",ready,Activity_ready_state,"The Protagonist is in an initial state, before beginning to be involved in the Activity, but all pre-conditions for performance of the Activity have been satisfied. In many cases, the Protagonist is an intentional agent, but there are other uses in which the agent is deprofiled, and the Protagonist is an entity which is essential to the Activity. Alternatively, the Activity may be indicated by a Salient_entity which stands in for the Activity. This Salient_entity may also be an intentional agent, but need not be. 'She 's not ready ! DNI.' 'He 's ready to talk , I think .' 'Is the UK government ready to do a u-turn on passport-ID cards ?' 'Check and see if Sal is ready for the bathtub .' 'The world is finally prepared for him !'"
Aung San renewed his appeal to Nu to come in .,renew,Activity_resume,An Agent resumes participation in an Activity. Progress on the Activity is retained from before the interruption. 'Normal Service Will Be Resumed Shortly. CNI' The Kinshasa government has resumed supporting Rwandan rebels.
"All sides of the distributive coal trade in Britain renew their plea made on behalf of their customers , to the Chancellor before the budget , not to create hardship by taxing warmth .",renew,Activity_resume,An Agent resumes participation in an Activity. Progress on the Activity is retained from before the interruption. 'Normal Service Will Be Resumed Shortly. CNI' The Kinshasa government has resumed supporting Rwandan rebels.
At the same time West German leaders renewed their pressure on the East German regime to follow Mikhail Gorbachev 's advice and bring in glasnost and perestroika .,renew,Activity_resume,An Agent resumes participation in an Activity. Progress on the Activity is retained from before the interruption. 'Normal Service Will Be Resumed Shortly. CNI' The Kinshasa government has resumed supporting Rwandan rebels.
At the end of November guerrillas renewed their attacks on the wealthy suburbs of Escalón and San Benito and fighting also took place on the flanks of the San Salvador and Guazapa volcanos outside the capital .,renew,Activity_resume,An Agent resumes participation in an Activity. Progress on the Activity is retained from before the interruption. 'Normal Service Will Be Resumed Shortly. CNI' The Kinshasa government has resumed supporting Rwandan rebels.
"In the debate referred to , the senior judges renewed their attack .",renew,Activity_resume,An Agent resumes participation in an Activity. Progress on the Activity is retained from before the interruption. 'Normal Service Will Be Resumed Shortly. CNI' The Kinshasa government has resumed supporting Rwandan rebels.
The RSNC is using the report to renew demands on Environment Secretary Michael Heseltine for urgent action to curb the over-exploitation of rivers .,renew,Activity_resume,An Agent resumes participation in an Activity. Progress on the Activity is retained from before the interruption. 'Normal Service Will Be Resumed Shortly. CNI' The Kinshasa government has resumed supporting Rwandan rebels.
In May 1990 the government renewed protests to Romania about pollution in Ruse by chlorine gas from the neighbouring Romanian town of Giurgiu .,renew,Activity_resume,An Agent resumes participation in an Activity. Progress on the Activity is retained from before the interruption. 'Normal Service Will Be Resumed Shortly. CNI' The Kinshasa government has resumed supporting Rwandan rebels.
"On these occasions Alison gave Franca some embarrassed or ` significant "" looks , but did not renew attempts to have a talk about the ` situation "" .",renew,Activity_resume,An Agent resumes participation in an Activity. Progress on the Activity is retained from before the interruption. 'Normal Service Will Be Resumed Shortly. CNI' The Kinshasa government has resumed supporting Rwandan rebels.
"It would not be surprising if Malcolm renewed his efforts c.1016--18 , considering the likely state of England at the time , and Cnut could well have acted against him once free to do so .",renew,Activity_resume,An Agent resumes participation in an Activity. Progress on the Activity is retained from before the interruption. 'Normal Service Will Be Resumed Shortly. CNI' The Kinshasa government has resumed supporting Rwandan rebels.
"In pursuit of this , he renewed his efforts to get new players , and was rewarded with two promising youngsters , outside-right Bainbridge , from Seaton Delaval , and inside-right Price , from Worksop .",renew,Activity_resume,An Agent resumes participation in an Activity. Progress on the Activity is retained from before the interruption. 'Normal Service Will Be Resumed Shortly. CNI' The Kinshasa government has resumed supporting Rwandan rebels.
We will start in our first parliamentary session with a Freedom of Information Act which will open up government to the people .,start,Activity_start,"An Agent initiates the beginning of an ongoing Activity in which he will be continuously involved. '' 'At the same time, city-states began to grow in influence on the southern Greek mainland.' 'Naturally, I started crying to get out of work.'"
Dougal started with the body .,start,Activity_start,"An Agent initiates the beginning of an ongoing Activity in which he will be continuously involved. '' 'At the same time, city-states began to grow in influence on the southern Greek mainland.' 'Naturally, I started crying to get out of work.'"
Follow-up testing has been started with a questionnaire being sent to past course delegates to check their continued understanding of food safety requirements .,start,Activity_start,"An Agent initiates the beginning of an ongoing Activity in which he will be continuously involved. '' 'At the same time, city-states began to grow in influence on the southern Greek mainland.' 'Naturally, I started crying to get out of work.'"
Rostov started to walk towards the door .,start,Activity_start,"An Agent initiates the beginning of an ongoing Activity in which he will be continuously involved. '' 'At the same time, city-states began to grow in influence on the southern Greek mainland.' 'Naturally, I started crying to get out of work.'"
"Penelope choked on her pudding and started to cry , angry , uncontrollable tears .",start,Activity_start,"An Agent initiates the beginning of an ongoing Activity in which he will be continuously involved. '' 'At the same time, city-states began to grow in influence on the southern Greek mainland.' 'Naturally, I started crying to get out of work.'"
"Fribble started to speak again , but received such a blazing look from Fael-Inis that he subsided .",start,Activity_start,"An Agent initiates the beginning of an ongoing Activity in which he will be continuously involved. '' 'At the same time, city-states began to grow in influence on the southern Greek mainland.' 'Naturally, I started crying to get out of work.'"
Gary Kilpartrick has now started working with YWAM in Switzerland .,start,Activity_start,"An Agent initiates the beginning of an ongoing Activity in which he will be continuously involved. '' 'At the same time, city-states began to grow in influence on the southern Greek mainland.' 'Naturally, I started crying to get out of work.'"
"Luce shivered , her imagination suddenly starting to work overtime .",start,Activity_start,"An Agent initiates the beginning of an ongoing Activity in which he will be continuously involved. '' 'At the same time, city-states began to grow in influence on the southern Greek mainland.' 'Naturally, I started crying to get out of work.'"
"Then the girl , Dolly , suddenly started to caper .",start,Activity_start,"An Agent initiates the beginning of an ongoing Activity in which he will be continuously involved. '' 'At the same time, city-states began to grow in influence on the southern Greek mainland.' 'Naturally, I started crying to get out of work.'"
Well the council started then and they took on machines of their own .,start,Activity_start,"An Agent initiates the beginning of an ongoing Activity in which he will be continuously involved. '' 'At the same time, city-states began to grow in influence on the southern Greek mainland.' 'Naturally, I started crying to get out of work.'"
"After all , I 'd only just stopped doing my paper-round and I heard them talking about headlong stuff I never knew about before : abortions , heroin , Sylvia Plath , prostitution .",stop,Activity_stop,"An Agent ceases an Activity without completing it. '' 'After the lawsuit, the company stopped producing the once very profitable toy.' 'The rugby club terminated negotiations with Argyll in September 1988.'"
"Oh , if only she could stop crying …",stop,Activity_stop,"An Agent ceases an Activity without completing it. '' 'After the lawsuit, the company stopped producing the once very profitable toy.' 'The rugby club terminated negotiations with Argyll in September 1988.'"
"To take one example , if Britain stopped burning fossil fuels altogether , the world 's output of carbon dioxide -- some 6 billion tonnes a year -- would fall by only 160 m tonnes .",stop,Activity_stop,"An Agent ceases an Activity without completing it. '' 'After the lawsuit, the company stopped producing the once very profitable toy.' 'The rugby club terminated negotiations with Argyll in September 1988.'"
The Office has stopped subsidising one-day energy surveys for industry and commerce and there is little accessible public information .,stop,Activity_stop,"An Agent ceases an Activity without completing it. '' 'After the lawsuit, the company stopped producing the once very profitable toy.' 'The rugby club terminated negotiations with Argyll in September 1988.'"
He stopped buying them for her when they got married .,stop,Activity_stop,"An Agent ceases an Activity without completing it. '' 'After the lawsuit, the company stopped producing the once very profitable toy.' 'The rugby club terminated negotiations with Argyll in September 1988.'"
Social services have stopped paying a £30 attendance allowance for Becky to go to Southampton once every two months for treatment .,stop,Activity_stop,"An Agent ceases an Activity without completing it. '' 'After the lawsuit, the company stopped producing the once very profitable toy.' 'The rugby club terminated negotiations with Argyll in September 1988.'"
The little boy stopped crying .,stop,Activity_stop,"An Agent ceases an Activity without completing it. '' 'After the lawsuit, the company stopped producing the once very profitable toy.' 'The rugby club terminated negotiations with Argyll in September 1988.'"
They had almost stopped resuscitating him on the grounds that the doctor had n't remembered his diagnosis .,stop,Activity_stop,"An Agent ceases an Activity without completing it. '' 'After the lawsuit, the company stopped producing the once very profitable toy.' 'The rugby club terminated negotiations with Argyll in September 1988.'"
""" And then , about four months ago , Mr. Andrew stopped coming to the office .",stop,Activity_stop,"An Agent ceases an Activity without completing it. '' 'After the lawsuit, the company stopped producing the once very profitable toy.' 'The rugby club terminated negotiations with Argyll in September 1988.'"
"I stopped smoking two years ago and I stopped doing all the silly drugs and drink nearly six years ago , so you naturally gravitate towards quite a healthy diet .",stop,Activity_stop,"An Agent ceases an Activity without completing it. '' 'After the lawsuit, the company stopped producing the once very profitable toy.' 'The rugby club terminated negotiations with Argyll in September 1988.'"
